,Dates,Geography,Weekly Cases,Weekly Deaths,Weekly Administered Doses
0,2020-01-29,United States,6,0,0.0
1,2020-02-05,United States,10,0,0.0
2,2020-02-12,United States,10,0,0.0
3,2020-02-19,United States,15,0,0.0
4,2020-02-26,United States,24,0,0.0
5,2020-03-04,United States,111,6,0.0
6,2020-03-11,United States,1136,8,0.0
7,2020-03-18,United States,7962,127,0.0
8,2020-03-25,United States,59556,1127,0.0
9,2020-04-01,United States,153957,5092,0.0
10,2020-04-08,United States,219469,12563,0.0
11,2020-04-15,United States,206680,15539,0.0
12,2020-04-22,United States,198454,15448,0.0
13,2020-04-29,United States,198045,13901,0.0
14,2020-05-06,United States,188874,12823,0.0
15,2020-05-13,United States,160061,10430,0.0
16,2020-05-20,United States,157848,9504,0.0
17,2020-05-27,United States,146274,6823,0.0
18,2020-06-03,United States,145913,6522,0.0
19,2020-06-10,United States,143033,5105,0.0
20,2020-06-17,United States,158553,4639,0.0
21,2020-06-24,United States,218899,4091,0.0
22,2020-07-01,United States,309842,3853,0.0
23,2020-07-08,United States,367725,4446,0.0
24,2020-07-15,United States,439384,5440,0.0
25,2020-07-22,United States,466194,6113,0.0
26,2020-07-29,United States,451834,7545,0.0
27,2020-08-05,United States,398089,7399,0.0
28,2020-08-12,United States,377086,7328,0.0
29,2020-08-19,United States,330551,7029,0.0
30,2020-08-26,United States,295462,6564,0.0
31,2020-09-02,United States,289311,6093,0.0
32,2020-09-09,United States,255071,5216,0.0
33,2020-09-16,United States,269718,5775,0.0
34,2020-09-23,United States,305609,5432,0.0
35,2020-09-30,United States,296050,5152,0.0
36,2020-10-07,United States,316357,5013,0.0
37,2020-10-14,United States,369124,5300,0.0
38,2020-10-21,United States,430580,5850,0.0
39,2020-10-28,United States,523589,6143,0.0
40,2020-11-04,United States,694746,7127,0.0
41,2020-11-11,United States,907160,8235,0.0
42,2020-11-18,United States,1139617,9561,0.0
43,2020-11-25,United States,1254500,12569,0.0
44,2020-12-02,United States,1173925,12570,0.0
45,2020-12-09,United States,1487687,16626,40748.0
46,2020-12-16,United States,1534169,18683,214846.0
47,2020-12-23,United States,1503936,19524,2401171.0
48,2020-12-30,United States,1302117,17052,2623777.0
49,2021-01-06,United States,1603056,19383,3500946.0
50,2021-01-13,United States,1714273,23378,6859587.0
51,2021-01-20,United States,1381646,21576,7400956.0
52,2021-01-27,United States,1142664,22522,9595644.0
53,2021-02-03,United States,956761,21241,10649846.0
54,2021-02-10,United States,728794,19173,12348877.0
55,2021-02-17,United States,539702,14359,11882545.0
56,2021-02-24,United States,476172,13861,11687120.0
57,2021-03-03,United States,444510,13639,16386564.0
58,2021-03-10,United States,392486,9816,17478719.0
59,2021-03-17,United States,382824,7507,18443869.0
60,2021-03-24,United States,401737,7292,18864488.0
61,2021-03-31,United States,446883,6321,21899187.0
62,2021-04-07,United States,457192,7110,22705889.0
63,2021-04-14,United States,496619,5278,23310652.0
64,2021-04-21,United States,446116,5052,20183930.0
65,2021-04-28,United States,370408,5021,18423676.0
66,2021-05-05,United States,327391,5040,15770633.0
67,2021-05-12,United States,255193,4368,12905193.0
68,2021-05-19,United States,210631,4076,13547167.0
69,2021-05-26,United States,162427,3972,10429262.0
70,2021-06-02,United States,113094,3703,6469281.0
71,2021-06-09,United States,100552,2762,7704567.0
72,2021-06-16,United States,87432,2332,6561951.0
73,2021-06-23,United States,82182,2035,4744913.0
74,2021-06-30,United States,93819,1909,4066398.0
75,2021-07-07,United States,109533,1688,3206146.0
76,2021-07-14,United States,178289,1899,3407135.0
77,2021-07-21,United States,287546,1969,3609268.0
78,2021-07-28,United States,453049,2360,4199137.0
79,2021-08-04,United States,670289,3036,4695413.0
80,2021-08-11,United States,901870,4872,4999609.0
81,2021-08-18,United States,999594,6138,5563129.0
82,2021-08-25,United States,1009332,7852,5985724.0
83,2021-09-01,United States,1175737,10200,6155701.0
84,2021-09-08,United States,1068565,10942,4827941.0
85,2021-09-15,United States,1085568,13842,5166160.0
86,2021-09-22,United States,921621,14369,4570355.0
87,2021-09-29,United States,799693,13942,6071482.0
88,2021-10-06,United States,704664,12618,6574001.0
89,2021-10-13,United States,619382,11188,5771586.0
90,2021-10-20,United States,532206,11878,5260246.0
91,2021-10-27,United States,502955,9543,8306375.0
92,2021-11-03,United States,502876,8505,9288206.0
93,2021-11-10,United States,535444,8271,10136378.0
94,2021-11-17,United States,614608,7421,10442507.0
95,2021-11-24,United States,672837,8091,10842546.0
96,2021-12-01,United States,613331,7319,8582306.0
97,2021-12-08,United States,846851,8860,12639381.0
98,2021-12-15,United States,841723,9655,11101279.0
99,2021-12-22,United States,1146360,11711,11169022.0
100,2021-12-29,United States,2105940,10007,7284729.0
101,2022-01-05,United States,4089944,9501,6923368.0
102,2022-01-12,United States,5487120,13117,8595494.0
103,2022-01-19,United States,5629721,14201,6796909.0
104,2022-01-26,United States,4432610,17044,5408803.0
105,2022-02-02,United States,2719290,17371,4337287.0
106,2022-02-09,United States,1495216,16190,3356514.0
107,2022-02-16,United States,929854,15037,2819117.0
108,2022-02-23,United States,550641,12666,2406722.0
109,2022-03-02,United States,370780,10742,1964569.0
110,2022-03-09,United States,270466,9166,1500583.0
111,2022-03-16,United States,213331,8092,1313025.0
112,2022-03-23,United States,194200,5755,1252128.0
113,2022-03-30,United States,193725,4843,1393802.0
114,2022-04-06,United States,195938,3807,3484190.0
115,2022-04-13,United States,229282,3758,3592424.0
116,2022-04-20,United States,296843,3032,3091023.0
117,2022-04-27,United States,369946,2935,2774703.0
118,2022-05-04,United States,455801,2775,2616149.0
119,2022-05-11,United States,589373,2388,2417792.0
120,2022-05-18,United States,710866,2292,2511603.0
121,2022-05-25,United States,765641,2646,2675477.0
122,2022-06-01,United States,714380,2102,1955213.0
123,2022-06-08,United States,759532,2325,2032153.0
124,2022-06-15,United States,727382,2180,1748837.0
125,2022-06-22,United States,683289,2047,1570795.0
126,2022-06-29,United States,772198,2615,1635976.0
127,2022-07-06,United States,774994,2369,1268606.0
128,2022-07-13,United States,865577,2706,1726922.0
129,2022-07-20,United States,900777,2830,2179562.0
130,2022-07-27,United States,926562,3167,2018400.0
131,2022-08-03,United States,837131,3546,1588531.0
132,2022-08-10,United States,773337,3636,1362458.0
133,2022-08-17,United States,693236,3243,1216763.0
134,2022-08-24,United States,652110,3136,1050625.0
135,2022-08-31,United States,614702,3945,886080.0
136,2022-09-07,United States,526083,2928,872076.0
137,2022-09-14,United States,470479,3210,3171528.0
138,2022-09-21,United States,396959,3133,3746570.0
139,2022-09-28,United States,341843,2905,4242355.0
140,2022-10-05,United States,320198,3015,4353662.0
141,2022-10-12,United States,265699,2552,4593939.0
142,2022-10-19,United States,260426,2523,4583460.0
143,2022-10-26,United States,261943,2548,4563010.0
144,2022-11-02,United States,274138,2485,4102980.0
145,2022-11-09,United States,289995,2305,3612162.0
146,2022-11-16,United States,281548,2213,3149656.0
147,2022-11-23,United States,308370,2651,2707418.0
148,2022-11-30,United States,309440,1796,1667150.0
149,2022-12-07,United States,472585,2812,2218435.0
150,2022-12-14,United States,456052,2690,2210844.0
151,2022-12-21,United States,496637,3071,1939670.0
152,2022-12-28,United States,401073,2507,1050498.0
153,2023-01-04,United States,479479,2790,1126453.0
154,2023-01-11,United States,455641,4441,1273093.0
155,2023-01-18,United States,316241,3691,948220.0
156,2023-01-25,United States,301243,3792,693850.0
157,2023-02-01,United States,280911,3452,343044.0
